X,Y,pb_pb,sx_sl,ex_ob,sistema,tipo,subtipo,supramun,sup,cod,nome,parroquia,solo,obt,tipo_ces,ambito_ces,observ,icon_url
-7.99797776858999,42.37813221037,DPb,SX,Ex,IS,SAN,VERT,na,,,Punto de verquido,,na,na,na,na,V/32/00135B,
-7.99344071636159,42.3878872298709,DPb,SX,Ex,IS,SAN,VERT,na,,,Punto de verquido,,na,na,na,na,V/32/00135C,
-8.02968194463152,42.3801991278923,DPb,SX,Ex,IS,SAN,VERT,na,,,Punto de verquido,,na,na,na,na,V/32/00135F,
-7.99794755879746,42.3700655350146,DPb,SX,Ex,IS,SAN,VERT,na,,,Punto de verquido,,na,na,na,na,V/32/00135A,
-8.00208463167404,42.3651619794854,DPb,SX,Ex,IS,SAN,VERT,na,,,Punto de verquido,,na,na,na,na,V/32/00135D,
-8.00275553323395,42.3496745590098,DPb,SX,Ex,IS,SAN,VERT,na,,,Punto de verquido,,na,na,na,na,V/32/00135,
-8.00275553323395,42.3496745590098,DPb,SX,Ex,IS,SAN,EDAR,na,,,EDAR,,na,na,na,na,V/32/00135,
-7.99794755879746,42.3700655350146,DPb,SX,Ex,IS,SAN,EDAR,na,,,EDAR,,na,na,na,na,V/32/00135A,
-8.00208463167404,42.3651619794854,DPb,SX,Ex,IS,SAN,EDAR,na,,,EDAR,,na,na,na,na,V/32/00135D,
-7.99344071636159,42.3878872298709,DPb,SX,Ex,IS,SAN,EDAR,na,,,EDAR,,na,na,na,na,V/32/00135C,
-8.02968194463152,42.3801991278923,DPb,SX,Ex,IS,SAN,EDAR,na,,,EDAR,,na,na,na,na,V/32/00135F,
-7.99797776858999,42.37813221037,DPb,SX,Ex,IS,SAN,EDAR,na,,,EDAR,,na,na,na,na,V/32/00135B,
-8.0164047910069,42.3706328902681,DPb,SX,Ex,IS,ELE,LUMIN,na,,,cf,,na,na,na,na,cf,
-8.0165186020196,42.370934533018,DPb,SX,Ex,IS,ELE,LUMIN,na,,,cf,,na,na,na,na,cf,
-8.00553814026539,42.3604215791733,DPb,SX,Ex,IS,ELE,LUMIN,na,,,cf,,na,na,na,na,cf,
-8.01784667166134,42.3703930369344,DPb,SX,Ex,IS,ELE,LUMIN,na,,,cf,,na,na,na,na,cf,
-8.01697795665075,42.3704588433615,DPb,SX,Ex,IS,ELE,LUMIN,na,,,cf,,na,na,na,na,cf,
-8.01509027181862,42.3598643254438,DPb,SX,Ex,IS,ELE,LUMIN,na,,,cf,,na,na,na,na,cf,
-8.0154015324249,42.3599047474638,DPb,SX,Ex,IS,ELE,LUMIN,na,,,cf,,na,na,na,na,cf,
-8.01552409520584,42.3596391218489,DPb,SX,Ex,IS,ELE,LUMIN,na,,,cf,,na,na,na,na,cf,
-8.0161302242255,42.359354283639,DPb,SX,Ex,IS,ELE,LUMIN,na,,,cf,,na,na,na,na,cf,
-8.01611965571111,42.3596253076781,DPb,SX,Ex,IS,ELE,LUMIN,na,,,cf,,na,na,na,na,cf,
-8.00747318533674,42.3516206389118,DPb,SX,Ex,IS,ELE,LUMIN,na,,,cf,,na,na,na,na,cf,
-8.0161450449969,42.3700937782817,DPb,SX,Ex,IS,ELE,LUMIN,na,,,cf,,na,na,na,na,cf,
-8.01621738469101,42.3711208956025,DPb,SX,Ex,IS,ELE,LUMIN,na,,,cf,,na,na,na,na,cf,
-8.01651103038113,42.3712844793693,DPb,SX,Ex,IS,ELE,LUMIN,na,,,cf,,na,na,na,na,cf,
-7.99883617797848,42.3729831018008,DPb,SX,Ex,IS,ELE,LUMIN,na,,,cf,,na,na,na,na,cf,
-8.00865036720567,42.3536964549365,DPb,SX,Ex,IS,ELE,LUMIN,na,,,cf,,na,na,na,na,cf,
-8.00736892019377,42.3542688413489,DPb,SX,Ex,IS,ELE,LUMIN,na,,,cf,,na,na,na,na,cf,
-8.00738053312143,42.3544635424402,DPb,SX,Ex,IS,ELE,LUMIN,na,,,cf,,na,na,na,na,cf,
-8.00781610605145,42.3550403360667,DPb,SX,Ex,IS,ELE,LUMIN,na,,,cf,,na,na,na,na,cf,
-8.00890626363917,42.3545319783802,DPb,SX,Ex,IS,ELE,LUMIN,na,,,cf,,na,na,na,na,cf,
-8.00005874889576,42.3758789489073,DPb,SX,Ex,IS,ELE,LUMIN,na,,,cf,,na,na,na,na,cf,
-7.99821887108475,42.3755590072703,DPb,SX,Ex,IS,ELE,LUMIN,na,,,cf,,na,na,na,na,cf,
-7.99840086215651,42.3753544985754,DPb,SX,Ex,IS,ELE,LUMIN,na,,,cf,,na,na,na,na,cf,
-7.99792325983683,42.3755059069046,DPb,SX,Ex,IS,ELE,LUMIN,na,,,cf,,na,na,na,na,cf,
-7.99789509196239,42.3758803681907,DPb,SX,Ex,IS,ELE,LUMIN,na,,,cf,,na,na,na,na,cf,
-7.99704852289025,42.3750918418901,DPb,SX,Ex,IS,ELE,LUMIN,na,,,cf,,na,na,na,na,cf,
-7.99746502700635,42.374384902879,DPb,SX,Ex,IS,ELE,LUMIN,na,,,cf,,na,na,na,na,cf,
-8.02648825987358,42.3851340596979,DPb,SX,Ex,IS,ELE,LUMIN,na,,,cf,,na,na,na,na,cf,
-8.02614477101454,42.3848129502308,DPb,SX,Ex,IS,ELE,LUMIN,na,,,cf,,na,na,na,na,cf,
-7.99959256567078,42.3721103079243,DPb,SX,Ex,IS,ELE,LUMIN,na,,,cf,,na,na,na,na,cf,
-8.00863723548938,42.3542501491213,DPb,SX,Ex,IS,ELE,LUMIN,na,,,cf,,na,na,na,na,cf,
-7.99502133437127,42.3866593733646,DPb,SX,Ex,IS,ELE,LUMIN,na,,,cf,,na,na,na,na,cf,
-7.99457439621297,42.3866970232066,DPb,SX,Ex,IS,ELE,LUMIN,na,,,cf,,na,na,na,na,cf,
-8.01704165758902,42.3711653826804,DPb,SX,Ex,IS,ELE,LUMIN,na,,,cf,,na,na,na,na,cf,
-7.99803752424134,42.3766958592591,DPb,SX,Ex,IS,ELE,LUMIN,na,,,cf,,na,na,na,na,cf,
-7.99912736056614,42.3756069119867,DPb,SX,Ex,IS,ELE,LUMIN,na,,,cf,,na,na,na,na,cf,
-7.99808430845789,42.3763765866682,DPb,SX,Ex,IS,ELE,LUMIN,na,,,cf,,na,na,na,na,cf,
-7.99867329543979,42.3754954677644,DPb,SX,Ex,IS,ELE,LUMIN,na,,,cf,,na,na,na,na,cf,
-7.99786144563029,42.376142899032,DPb,SX,Ex,IS,ELE,LUMIN,na,,,cf,,na,na,na,na,cf,
-8.02642906925676,42.3845126917776,DPb,SX,Ex,IS,ELE,LUMIN,na,,,cf,,na,na,na,na,cf,
-8.02614875107041,42.3846522241976,DPb,SX,Ex,IS,ELE,LUMIN,na,,,cf,,na,na,na,na,cf,
-8.02129842008447,42.3691809661122,DPb,SX,Ex,IS,ELE,LUMIN,na,,,cf,,na,na,na,na,cf,
-8.00119946253109,42.3674865545005,DPb,SX,Ex,IS,ELE,LUMIN,na,,,cf,,na,na,na,na,cf,
-8.02028764107528,42.3698786747497,DPb,SX,Ex,IS,ELE,LUMIN,na,,,cf,,na,na,na,na,cf,
-8.02512431290135,42.3858334251682,DPb,SX,Ex,IS,ELE,LUMIN,na,,,cf,,na,na,na,na,cf,
-8.01966581236775,42.3700651774237,DPb,SX,Ex,IS,ELE,LUMIN,na,,,cf,,na,na,na,na,cf,
-8.00521707075916,42.360587052084,DPb,SX,Ex,IS,ELE,LUMIN,na,,,cf,,na,na,na,na,cf,
-8.01625636697614,42.371891658307,DPb,SX,Ex,IS,ELE,LUMIN,na,,,cf,,na,na,na,na,cf,
-8.01626014159556,42.3729137367712,DPb,SX,Ex,IS,ELE,LUMIN,na,,,cf,,na,na,na,na,cf,
-8.00299428847292,42.3613248105241,DPb,SX,Ex,IS,ELE,LUMIN,na,,,cf,,na,na,na,na,cf,
-8.01533816238826,42.3727647664364,DPb,SX,Ex,IS,ELE,LUMIN,na,,,cf,,na,na,na,na,cf,
-8.0257802838214,42.3846813792689,DPb,SX,Ex,IS,ELE,LUMIN,na,,,cf,,na,na,na,na,cf,
-8.01504735203496,42.3723770482603,DPb,SX,Ex,IS,ELE,LUMIN,na,,,cf,,na,na,na,na,cf,
-8.02523981219372,42.3523163162901,DPb,SX,Ex,IS,ELE,LUMIN,na,,,cf,,na,na,na,na,cf,
-8.01553386647036,42.3738100535465,DPb,SX,Ex,IS,ELE,LUMIN,na,,,cf,,na,na,na,na,cf,
-8.01538131526268,42.3739914865734,DPb,SX,Ex,IS,ELE,LUMIN,na,,,cf,,na,na,na,na,cf,
-8.0148365526066,42.3742139555447,DPb,SX,Ex,IS,ELE,LUMIN,na,,,cf,,na,na,na,na,cf,
-8.01531191457087,42.3744898465092,DPb,SX,Ex,IS,ELE,LUMIN,na,,,cf,,na,na,na,na,cf,
-8.02616412425409,42.3848186579911,DPb,SX,Ex,IS,ELE,LUMIN,na,,,cf,,na,na,na,na,cf,
-8.00791683939102,42.357541752719,DPb,SX,Ex,IS,ELE,LUMIN,na,,,cf,,na,na,na,na,cf,
-8.0206189715591,42.369037915659,DPb,SX,Ex,IS,ELE,LUMIN,na,,,cf,,na,na,na,na,cf,
-8.00099293196472,42.3678734214755,DPb,SX,Ex,IS,ELE,LUMIN,na,,,cf,,na,na,na,na,cf,
-8.01898858705168,42.37025872058,DPb,SX,Ex,IS,ELE,LUMIN,na,,,cf,,na,na,na,na,cf,
-8.01625571787459,42.3718067274821,DPb,SX,Ex,IS,ELE,LUMIN,na,,,cf,,na,na,na,na,cf,
-8.02778875062201,42.3844372933826,DPb,SX,Ex,IS,ELE,LUMIN,na,,,cf,,na,na,na,na,cf,
-8.01665088617136,42.3731574556265,DPb,SX,Ex,IS,ELE,LUMIN,na,,,cf,,na,na,na,na,cf,
-8.00263644495342,42.3616505246777,DPb,SX,Ex,IS,ELE,LUMIN,na,,,cf,,na,na,na,na,cf,
-8.01529301206385,42.372542354898,DPb,SX,Ex,IS,ELE,LUMIN,na,,,cf,,na,na,na,na,cf,
-7.99791921045883,42.3741653754228,DPb,SX,Ex,IS,ELE,LUMIN,na,,,cf,,na,na,na,na,cf,
-8.01532856768508,42.3748834839692,DPb,SX,Ex,IS,ELE,LUMIN,na,,,cf,,na,na,na,na,cf,
-8.02242222605233,42.3519999885174,DPb,SX,Ex,IS,ELE,LUMIN,na,,,cf,,na,na,na,na,cf,
-8.02290829495952,42.3524285028679,DPb,SX,Ex,IS,ELE,LUMIN,na,,,cf,,na,na,na,na,cf,
-8.02321014038828,42.3533276431675,DPb,SX,Ex,IS,ELE,LUMIN,na,,,cf,,na,na,na,na,cf,
-8.00324586611793,42.3498654917127,DPb,SX,Ex,IS,ELE,LUMIN,na,,,cf,,na,na,na,na,cf,
-8.00342439061742,42.3499752840933,DPb,SX,Ex,IS,ELE,LUMIN,na,,,cf,,na,na,na,na,cf,
-8.00514227871517,42.3512097136042,DPb,SX,Ex,IS,ELE,LUMIN,na,,,cf,,na,na,na,na,cf,
-8.02021826063922,42.3689692155244,DPb,SX,Ex,IS,ELE,LUMIN,na,,,cf,,na,na,na,na,cf,
-8.00567526094228,42.3606530678853,DPb,SX,Ex,IS,ELE,LUMIN,na,,,cf,,na,na,na,na,cf,
-8.02787588684235,42.3842121827242,DPb,SX,Ex,IS,ELE,LUMIN,na,,,cf,,na,na,na,na,cf,
-8.01625288871248,42.3717349560129,DPb,SX,Ex,IS,ELE,LUMIN,na,,,cf,,na,na,na,na,cf,
-8.0023809499562,42.3618762383795,DPb,SX,Ex,IS,ELE,LUMIN,na,,,cf,,na,na,na,na,cf,
-8.01608271130747,42.3732683383753,DPb,SX,Ex,IS,ELE,LUMIN,na,,,cf,,na,na,na,na,cf,
-8.01509285305866,42.3750831257404,DPb,SX,Ex,IS,ELE,LUMIN,na,,,cf,,na,na,na,na,cf,
-8.02285524039504,42.3521607938598,DPb,SX,Ex,IS,ELE,LUMIN,na,,,cf,,na,na,na,na,cf,
-8.01428707335074,42.3742738428726,DPb,SX,Ex,IS,ELE,LUMIN,na,,,cf,,na,na,na,na,cf,
-8.01370655966215,42.3744993314655,DPb,SX,Ex,IS,ELE,LUMIN,na,,,cf,,na,na,na,na,cf,
-8.0231517788606,42.354740209716,DPb,SX,Ex,IS,ELE,LUMIN,na,,,cf,,na,na,na,na,cf,
-8.01324301499814,42.3747031186156,DPb,SX,Ex,IS,ELE,LUMIN,na,,,cf,,na,na,na,na,cf,
-8.01229857193617,42.3738229062888,DPb,SX,Ex,IS,ELE,LUMIN,na,,,cf,,na,na,na,na,cf,
-8.01602855867546,42.3602758790841,DPb,SX,Ex,IS,ELE,LUMIN,na,,,cf,,na,na,na,na,cf,
-8.01242632403762,42.3736235825333,DPb,SX,Ex,IS,ELE,LUMIN,na,,,cf,,na,na,na,na,cf,
-8.0125174328228,42.3732956761927,DPb,SX,Ex,IS,ELE,LUMIN,na,,,cf,,na,na,na,na,cf,
-8.01558370059249,42.3601564245831,DPb,SX,Ex,IS,ELE,LUMIN,na,,,cf,,na,na,na,na,cf,
-8.01218281130919,42.373390405625,DPb,SX,Ex,IS,ELE,LUMIN,na,,,cf,,na,na,na,na,cf,
-8.0131679671467,42.373271394886,DPb,SX,Ex,IS,ELE,LUMIN,na,,,cf,,na,na,na,na,cf,
-8.01364187769766,42.373263021486,DPb,SX,Ex,IS,ELE,LUMIN,na,,,cf,,na,na,na,na,cf,
-8.01401011625873,42.3733719667706,DPb,SX,Ex,IS,ELE,LUMIN,na,,,cf,,na,na,na,na,cf,
-8.0151802269742,42.3599925499319,DPb,SX,Ex,IS,ELE,LUMIN,na,,,cf,,na,na,na,na,cf,
-8.01397111521763,42.3738557034915,DPb,SX,Ex,IS,ELE,LUMIN,na,,,cf,,na,na,na,na,cf,
-8.01396118572437,42.374150364187,DPb,SX,Ex,IS,ELE,LUMIN,na,,,cf,,na,na,na,na,cf,
-8.01402226077678,42.3728336754511,DPb,SX,Ex,IS,ELE,LUMIN,na,,,cf,,na,na,na,na,cf,
-8.01317647700013,42.3726482621582,DPb,SX,Ex,IS,ELE,LUMIN,na,,,cf,,na,na,na,na,cf,
-8.01231755239249,42.3724685383225,DPb,SX,Ex,IS,ELE,LUMIN,na,,,cf,,na,na,na,na,cf,
-7.99823070891371,42.3738235126291,DPb,SX,Ex,IS,ELE,LUMIN,na,,,cf,,na,na,na,na,cf,
-8.01229165682845,42.3726212820814,DPb,SX,Ex,IS,ELE,LUMIN,na,,,cf,,na,na,na,na,cf,
-8.01263427454716,42.3727539637225,DPb,SX,Ex,IS,ELE,LUMIN,na,,,cf,,na,na,na,na,cf,
-8.01256302462807,42.3731347990596,DPb,SX,Ex,IS,ELE,LUMIN,na,,,cf,,na,na,na,na,cf,
-8.01228895844308,42.3729601092982,DPb,SX,Ex,IS,ELE,LUMIN,na,,,cf,,na,na,na,na,cf,
-8.01247961956747,42.3727913578642,DPb,SX,Ex,IS,ELE,LUMIN,na,,,cf,,na,na,na,na,cf,
-8.01171174524036,42.3724671918604,DPb,SX,Ex,IS,ELE,LUMIN,na,,,cf,,na,na,na,na,cf,
-8.02616522989756,42.3849406231054,DPb,SX,Ex,IS,ELE,LUMIN,na,,,cf,,na,na,na,na,cf,
-8.020814577926,42.3695233103629,DPb,SX,Ex,IS,ELE,LUMIN,na,,,cf,,na,na,na,na,cf,
-8.00029910823335,42.3727012046036,DPb,SX,Ex,IS,ELE,LUMIN,na,,,cf,,na,na,na,na,cf,
-8.01595977701589,42.3734380711622,DPb,SX,Ex,IS,ELE,LUMIN,na,,,cf,,na,na,na,na,cf,
-8.02771468591656,42.3838762706754,DPb,SX,Ex,IS,ELE,LUMIN,na,,,cf,,na,na,na,na,cf,
-8.01496485516035,42.3753144340391,DPb,SX,Ex,IS,ELE,LUMIN,na,,,cf,,na,na,na,na,cf,
-8.01420940373312,42.373461530115,DPb,SX,Ex,IS,ELE,LUMIN,na,,,cf,,na,na,na,na,cf,
-8.01362465209162,42.3725436856229,DPb,SX,Ex,IS,ELE,LUMIN,na,,,cf,,na,na,na,na,cf,
-8.01276302868761,42.3725362715845,DPb,SX,Ex,IS,ELE,LUMIN,na,,,cf,,na,na,na,na,cf,
-8.01137772139457,42.3727857367299,DPb,SX,Ex,IS,ELE,LUMIN,na,,,cf,,na,na,na,na,cf,
-8.00878778786095,42.3524469989781,DPb,SX,Ex,IS,ELE,LUMIN,na,,,cf,,na,na,na,na,cf,
-8.00363095464019,42.3501214001265,DPb,SX,Ex,IS,ELE,LUMIN,na,,,cf,,na,na,na,na,cf,
-8.00528140942568,42.3515318230992,DPb,SX,Ex,IS,ELE,LUMIN,na,,,cf,,na,na,na,na,cf,
-8.01581280448769,42.3736721172657,DPb,SX,Ex,IS,ELE,LUMIN,na,,,cf,,na,na,na,na,cf,
-8.00781311294996,42.3515589388964,DPb,SX,Ex,IS,ELE,LUMIN,na,,,cf,,na,na,na,na,cf,
-8.02829966942365,42.3845719270409,DPb,SX,Ex,IS,ELE,LUMIN,na,,,cf,,na,na,na,na,cf,
-8.00668515568539,42.353403636806,DPb,SX,Ex,IS,ELE,LUMIN,na,,,cf,,na,na,na,na,cf,
-7.99852750490121,42.3770697954765,DPb,SX,Ex,IS,ELE,LUMIN,na,,,cf,,na,na,na,na,cf,
-7.99778893872111,42.3752853584094,DPb,SX,Ex,IS,ELE,LUMIN,na,,,cf,,na,na,na,na,cf,
-7.99599807684147,42.3747936637345,DPb,SX,Ex,IS,ELE,LUMIN,na,,,cf,,na,na,na,na,cf,
-7.99772273975415,42.3737905992482,DPb,SX,Ex,IS,ELE,LUMIN,na,,,cf,,na,na,na,na,cf,
-8.00394286956413,42.3503002663595,DPb,SX,Ex,IS,ELE,LUMIN,na,,,cf,,na,na,na,na,cf,
-8.00532242599282,42.3517613950559,DPb,SX,Ex,IS,ELE,LUMIN,na,,,cf,,na,na,na,na,cf,
-8.0156239370359,42.3729835506929,DPb,SX,Ex,IS,ELE,LUMIN,na,,,cf,,na,na,na,na,cf,
-8.00670878381762,42.353884701931,DPb,SX,Ex,IS,ELE,LUMIN,na,,,cf,,na,na,na,na,cf,
-7.99920423402541,42.3707065878903,DPb,SX,Ex,IS,ELE,LUMIN,na,,,cf,,na,na,na,na,cf,
-8.00840347902147,42.355118796061,DPb,SX,Ex,IS,ELE,LUMIN,na,,,cf,,na,na,na,na,cf,
-8.02753601204985,42.3840032201481,DPb,SX,Ex,IS,ELE,LUMIN,na,,,cf,,na,na,na,na,cf,
-7.99804155597966,42.3771748311464,DPb,SX,Ex,IS,ELE,LUMIN,na,,,cf,,na,na,na,na,cf,
-7.99907634164912,42.37039105205,DPb,SX,Ex,IS,ELE,LUMIN,na,,,cf,,na,na,na,na,cf,
-7.99958477059165,42.3759029578663,DPb,SX,Ex,IS,ELE,LUMIN,na,,,cf,,na,na,na,na,cf,
-7.99801226202479,42.3753242553089,DPb,SX,Ex,IS,ELE,LUMIN,na,,,cf,,na,na,na,na,cf,
-8.00394038748565,42.3898690242984,DPb,SX,Ex,IS,ELE,LUMIN,na,,,cf,,na,na,na,na,cf,
-8.02676293805544,42.3832216676088,DPb,SX,Ex,IS,ELE,LUMIN,na,,,cf,,na,na,na,na,cf,
-7.99644753838857,42.3750268324565,DPb,SX,Ex,IS,ELE,LUMIN,na,,,cf,,na,na,na,na,cf,
-8.00392336622326,42.3895854697341,DPb,SX,Ex,IS,ELE,LUMIN,na,,,cf,,na,na,na,na,cf,
-8.00436610643696,42.3888763103255,DPb,SX,Ex,IS,ELE,LUMIN,na,,,cf,,na,na,na,na,cf,
-8.0263117294313,42.3831305049287,DPb,SX,Ex,IS,ELE,LUMIN,na,,,cf,,na,na,na,na,cf,
-8.00471523722526,42.3887900916443,DPb,SX,Ex,IS,ELE,LUMIN,na,,,cf,,na,na,na,na,cf,
-8.00379607661853,42.3883271007978,DPb,SX,Ex,IS,ELE,LUMIN,na,,,cf,,na,na,na,na,cf,
-8.02779747957899,42.3824480473913,DPb,SX,Ex,IS,ELE,LUMIN,na,,,cf,,na,na,na,na,cf,
-7.99635505997126,42.3849671757253,DPb,SX,Ex,IS,ELE,LUMIN,na,,,cf,,na,na,na,na,cf,
-7.99586017768334,42.3858709900393,DPb,SX,Ex,IS,ELE,LUMIN,na,,,cf,,na,na,na,na,cf,
-8.02834334732597,42.3823875792425,DPb,SX,Ex,IS,ELE,LUMIN,na,,,cf,,na,na,na,na,cf,
-7.9947760386267,42.3866344040838,DPb,SX,Ex,IS,ELE,LUMIN,na,,,cf,,na,na,na,na,cf,
-7.99455323515779,42.3864729023735,DPb,SX,Ex,IS,ELE,LUMIN,na,,,cf,,na,na,na,na,cf,
-8.0261572443989,42.3825621495307,DPb,SX,Ex,IS,ELE,LUMIN,na,,,cf,,na,na,na,na,cf,
-8.02514173026927,42.3813222025969,DPb,SX,Ex,IS,ELE,LUMIN,na,,,cf,,na,na,na,na,cf,
-8.00182441946178,42.3652789939835,DPb,SX,Ex,IS,ELE,LUMIN,na,,,cf,,na,na,na,na,cf,
-8.01474551316354,42.3894521049961,DPb,SX,Ex,IS,ELE,LUMIN,na,,,cf,,na,na,na,na,cf,
-8.01499628840771,42.388961213629,DPb,SX,Ex,IS,ELE,LUMIN,na,,,cf,,na,na,na,na,cf,
-8.0150933279628,42.3881213547208,DPb,SX,Ex,IS,ELE,LUMIN,na,,,cf,,na,na,na,na,cf,
-8.01652430315799,42.3875026899369,DPb,SX,Ex,IS,ELE,LUMIN,na,,,cf,,na,na,na,na,cf,
-8.00623222514604,42.3515502529534,DPb,SX,Ex,IS,ELE,LUMIN,na,,,cf,,na,na,na,na,cf,
-7.99784671869359,42.3770690520775,DPb,SX,Ex,IS,ELE,LUMIN,na,,,cf,,na,na,na,na,cf,
-8.00376479568775,42.3886732938277,DPb,SX,Ex,IS,ELE,LUMIN,na,,,cf,,na,na,na,na,cf,
-7.99950541130715,42.3756980566273,DPb,SX,Ex,IS,ELE,LUMIN,na,,,cf,,na,na,na,na,cf,
-8.02736176801897,42.3837197204202,DPb,SX,Ex,IS,ELE,LUMIN,na,,,cf,,na,na,na,na,cf,
-7.99649769595933,42.3748461480954,DPb,SX,Ex,IS,ELE,LUMIN,na,,,cf,,na,na,na,na,cf,
-7.99616509456367,42.3852792363174,DPb,SX,Ex,IS,ELE,LUMIN,na,,,cf,,na,na,na,na,cf,
-8.02662006949745,42.3830394245652,DPb,SX,Ex,IS,ELE,LUMIN,na,,,cf,,na,na,na,na,cf,
-8.02869753313148,42.3822414020713,DPb,SX,Ex,IS,ELE,LUMIN,na,,,cf,,na,na,na,na,cf,
-8.02536232354549,42.381764354962,DPb,SX,Ex,IS,ELE,LUMIN,na,,,cf,,na,na,na,na,cf,
-8.01431334228312,42.3889299123287,DPb,SX,Ex,IS,ELE,LUMIN,na,,,cf,,na,na,na,na,cf,
-8.00470248761619,42.3507568038737,DPb,SX,Ex,IS,ELE,LUMIN,na,,,cf,,na,na,na,na,cf,
-8.00675369982495,42.3515776918078,DPb,SX,Ex,IS,ELE,LUMIN,na,,,cf,,na,na,na,na,cf,
-8.02707621935928,42.3834314700486,DPb,SX,Ex,IS,ELE,LUMIN,na,,,cf,,na,na,na,na,cf,
-8.02887190205425,42.3820136471674,DPb,SX,Ex,IS,ELE,LUMIN,na,,,cf,,na,na,na,na,cf,
-8.00597574857194,42.3520069722036,DPb,SX,Ex,IS,ELE,LUMIN,na,,,cf,,na,na,na,na,cf,
-8.00535973788742,42.3521479998823,DPb,SX,Ex,IS,ELE,LUMIN,na,,,cf,,na,na,na,na,cf,
-8.0053138717605,42.3528390683116,DPb,SX,Ex,IS,ELE,LUMIN,na,,,cf,,na,na,na,na,cf,
-8.00530381891631,42.353476520874,DPb,SX,Ex,IS,ELE,LUMIN,na,,,cf,,na,na,na,na,cf,
-8.005268783205,42.3539661594174,DPb,SX,Ex,IS,ELE,LUMIN,na,,,cf,,na,na,na,na,cf,
-8.00525416885722,42.354210716549,DPb,SX,Ex,IS,ELE,LUMIN,na,,,cf,,na,na,na,na,cf,
-8.00524156609321,42.3547824228025,DPb,SX,Ex,IS,ELE,LUMIN,na,,,cf,,na,na,na,na,cf,
-8.0054074796857,42.3552668463648,DPb,SX,Ex,IS,ELE,LUMIN,na,,,cf,,na,na,na,na,cf,
-8.00517387021081,42.3566007938508,DPb,SX,Ex,IS,ELE,LUMIN,na,,,cf,,na,na,na,na,cf,
-8.00206142377702,42.3621338765141,DPb,SX,Ex,IS,ELE,LUMIN,na,,,cf,,na,na,na,na,cf,
-8.02913643892412,42.3817593045563,DPb,SX,Ex,IS,ELE,LUMIN,na,,,cf,,na,na,na,na,cf,
-8.00586420326858,42.3522871772808,DPb,SX,Ex,IS,ELE,LUMIN,na,,,cf,,na,na,na,na,cf,
-8.00532148468168,42.3525025219855,DPb,SX,Ex,IS,ELE,LUMIN,na,,,cf,,na,na,na,na,cf,
-8.00529499733213,42.3531587005831,DPb,SX,Ex,IS,ELE,LUMIN,na,,,cf,,na,na,na,na,cf,
-8.00527786929253,42.3537184514508,DPb,SX,Ex,IS,ELE,LUMIN,na,,,cf,,na,na,na,na,cf,
-8.00524330743919,42.35444466779,DPb,SX,Ex,IS,ELE,LUMIN,na,,,cf,,na,na,na,na,cf,
-8.00539582480235,42.3556454487085,DPb,SX,Ex,IS,ELE,LUMIN,na,,,cf,,na,na,na,na,cf,
-8.00526435678609,42.3570841376551,DPb,SX,Ex,IS,ELE,LUMIN,na,,,cf,,na,na,na,na,cf,
-8.00185946867751,42.3623400319987,DPb,SX,Ex,IS,ELE,LUMIN,na,,,cf,,na,na,na,na,cf,
-8.00624808084783,42.3536016799279,DPb,SX,Ex,IS,ELE,LUMIN,na,,,cf,,na,na,na,na,cf,
-8.00167689397481,42.3626181407787,DPb,SX,Ex,IS,ELE,LUMIN,na,,,cf,,na,na,na,na,cf,
-8.01640871793253,42.3874479893123,DPb,SX,Ex,IS,ELE,LUMIN,na,,,cf,,na,na,na,na,cf,
-8.00441914373883,42.3505803100975,DPb,SX,Ex,IS,ELE,LUMIN,na,,,cf,,na,na,na,na,cf,
-8.00584194628311,42.353548746324,DPb,SX,Ex,IS,ELE,LUMIN,na,,,cf,,na,na,na,na,cf,
-8.00102305025934,42.3624517858227,DPb,SX,Ex,IS,ELE,LUMIN,na,,,cf,,na,na,na,na,cf,
-8.00049956112961,42.3623449856273,DPb,SX,Ex,IS,ELE,LUMIN,na,,,cf,,na,na,na,na,cf,
-8.00393757259104,42.395983980669,DPb,SX,Ex,IS,ELE,LUMIN,na,,,cf,,na,na,na,na,cf,
-8.00672420950857,42.3559573778608,DPb,SX,Ex,IS,ELE,LUMIN,na,,,cf,,na,na,na,na,cf,
-8.00779737544658,42.354490857651,DPb,SX,Ex,IS,ELE,LUMIN,na,,,cf,,na,na,na,na,cf,
-8.00824794202381,42.3564457306949,DPb,SX,Ex,IS,ELE,LUMIN,na,,,cf,,na,na,na,na,cf,
-8.00839692421291,42.3518620165301,DPb,SX,Ex,IS,ELE,LUMIN,na,,,cf,,na,na,na,na,cf,
-8.00764949086867,42.3525413854706,DPb,SX,Ex,IS,ELE,LUMIN,na,,,cf,,na,na,na,na,cf,
-8.00799711459547,42.3518166097172,DPb,SX,Ex,IS,ELE,LUMIN,na,,,cf,,na,na,na,na,cf,
-8.00770510159409,42.3521917634504,DPb,SX,Ex,IS,ELE,LUMIN,na,,,cf,,na,na,na,na,cf,
-8.00806233673281,42.3568082360464,DPb,SX,Ex,IS,ELE,LUMIN,na,,,cf,,na,na,na,na,cf,
-8.0077497786022,42.3543073868822,DPb,SX,Ex,IS,ELE,LUMIN,na,,,cf,,na,na,na,na,cf,
-8.00875526160332,42.3548287856314,DPb,SX,Ex,IS,ELE,LUMIN,na,,,cf,,na,na,na,na,cf,
-8.00753773899131,42.3553061359438,DPb,SX,Ex,IS,ELE,LUMIN,na,,,cf,,na,na,na,na,cf,
-8.00826363129315,42.3560297400653,DPb,SX,Ex,IS,ELE,LUMIN,na,,,cf,,na,na,na,na,cf,
-8.0079464109218,42.3538406963622,DPb,SX,Ex,IS,ELE,LUMIN,na,,,cf,,na,na,na,na,cf,
-8.00777598176033,42.3534263476098,DPb,SX,Ex,IS,ELE,LUMIN,na,,,cf,,na,na,na,na,cf,
-8.0086458737774,42.3539014298126,DPb,SX,Ex,IS,ELE,LUMIN,na,,,cf,,na,na,na,na,cf,
-8.008033773865,42.3543801027288,DPb,SX,Ex,IS,ELE,LUMIN,na,,,cf,,na,na,na,na,cf,
-8.00749135541568,42.3529861482084,DPb,SX,Ex,IS,ELE,LUMIN,na,,,cf,,na,na,na,na,cf,
-8.00938228749697,42.3544084446734,DPb,SX,Ex,IS,ELE,LUMIN,na,,,cf,,na,na,na,na,cf,
-8.00907229008662,42.3556979947771,DPb,SX,Ex,IS,ELE,LUMIN,na,,,cf,,na,na,na,na,cf,
-8.00787782724707,42.3534965511574,DPb,SX,Ex,IS,ELE,LUMIN,na,,,cf,,na,na,na,na,cf,
-8.00824861573557,42.3520146557404,DPb,SX,Ex,IS,ELE,LUMIN,na,,,cf,,na,na,na,na,cf,
-8.00797988456842,42.3537078735122,DPb,SX,Ex,IS,ELE,LUMIN,na,,,cf,,na,na,na,na,cf,
-8.00809132314402,42.3537522613846,DPb,SX,Ex,IS,ELE,LUMIN,na,,,cf,,na,na,na,na,cf,
-8.00598172857968,42.3568772280803,DPb,SX,Ex,IS,ELE,LUMIN,na,,,cf,,na,na,na,na,cf,
-8.00783047756594,42.3547888415997,DPb,SX,Ex,IS,ELE,LUMIN,na,,,cf,,na,na,na,na,cf,
-8.00809242140182,42.3556709335983,DPb,SX,Ex,IS,ELE,LUMIN,na,,,cf,,na,na,na,na,cf,
-8.00601236524428,42.3561728570957,DPb,SX,Ex,IS,ELE,LUMIN,na,,,cf,,na,na,na,na,cf,
-8.00592048086716,42.3564861731798,DPb,SX,Ex,IS,ELE,LUMIN,na,,,cf,,na,na,na,na,cf,
-8.00856783210104,42.3545876848637,DPb,SX,Ex,IS,ELE,LUMIN,na,,,cf,,na,na,na,na,cf,
-8.00933140462718,42.3550697567857,DPb,SX,Ex,IS,ELE,LUMIN,na,,,cf,,na,na,na,na,cf,
-8.00786113691438,42.3540939078886,DPb,SX,Ex,IS,ELE,LUMIN,na,,,cf,,na,na,na,na,cf,
-8.00837560158932,42.354432802619,DPb,SX,Ex,IS,ELE,LUMIN,na,,,cf,,na,na,na,na,cf,
-8.00833466854938,42.3535990412724,DPb,SX,Ex,IS,ELE,LUMIN,na,,,cf,,na,na,na,na,cf,
-8.00714555592464,42.354183662789,DPb,SX,Ex,IS,ELE,LUMIN,na,,,cf,,na,na,na,na,cf,
-8.00791687146465,42.3535910856565,DPb,SX,Ex,IS,ELE,LUMIN,na,,,cf,,na,na,na,na,cf,
-8.00775929677057,42.3528209166007,DPb,SX,Ex,IS,ELE,LUMIN,na,,,cf,,na,na,na,na,cf,
-8.00718677859579,42.3544258580844,DPb,SX,Ex,IS,ELE,LUMIN,na,,,cf,,na,na,na,na,cf,
-8.00708879113832,42.3529834654822,DPb,SX,Ex,IS,ELE,LUMIN,na,,,cf,,na,na,na,na,cf,
-8.00798477598856,42.355385889291,DPb,SX,Ex,IS,ELE,LUMIN,na,,,cf,,na,na,na,na,cf,
-8.00927539037113,42.3553642340439,DPb,SX,Ex,IS,ELE,LUMIN,na,,,cf,,na,na,na,na,cf,
-8.00885870990988,42.3551364239724,DPb,SX,Ex,IS,ELE,LUMIN,na,,,cf,,na,na,na,na,cf,
-8.0090013379058,42.355443894388,DPb,SX,Ex,IS,ELE,LUMIN,na,,,cf,,na,na,na,na,cf,
-8.02525862555615,42.3521130488003,DPb,SX,Ex,IS,ELE,LUMIN,na,,,cf,,na,na,na,na,cf,
-8.0226629461389,42.3530794024214,DPb,SX,Ex,IS,ELE,LUMIN,na,,,cf,,na,na,na,na,cf,
-8.00673061465192,42.3544973347615,DPb,SX,Ex,IS,ELE,LUMIN,na,,,cf,,na,na,na,na,cf,
-8.00767696816671,42.3544400182992,DPb,SX,Ex,IS,ELE,LUMIN,na,,,cf,,na,na,na,na,cf,
-8.00774503408883,42.3519139447554,DPb,SX,Ex,IS,ELE,LUMIN,na,,,cf,,na,na,na,na,cf,
-8.0079804380946,42.3533290870811,DPb,SX,Ex,IS,ELE,LUMIN,na,,,cf,,na,na,na,na,cf,
-8.00757596902814,42.3527604073249,DPb,SX,Ex,IS,ELE,LUMIN,na,,,cf,,na,na,na,na,cf,
-8.00711394829983,42.3556765075792,DPb,SX,Ex,IS,ELE,LUMIN,na,,,cf,,na,na,na,na,cf,
-8.00784630775851,42.353095441215,DPb,SX,Ex,IS,ELE,LUMIN,na,,,cf,,na,na,na,na,cf,
-8.00587976231102,42.3567562481748,DPb,SX,Ex,IS,ELE,LUMIN,na,,,cf,,na,na,na,na,cf,
-8.0162124885776,42.3704604262102,DPb,SX,Ex,IS,ELE,LUMIN,na,,,cf,,na,na,na,na,cf,
-8.01424237907125,42.3721294384561,DPb,SX,Ex,IS,ELE,LUMIN,na,,,cf,,na,na,na,na,cf,
-8.01335877771965,42.370992497221,DPb,SX,Ex,IS,ELE,LUMIN,na,,,cf,,na,na,na,na,cf,
-8.01522502654493,42.3712464541025,DPb,SX,Ex,IS,ELE,LUMIN,na,,,cf,,na,na,na,na,cf,
-8.02322320240378,42.353512963148,DPb,SX,Ex,IS,ELE,LUMIN,na,,,cf,,na,na,na,na,cf,
-8.01554582544542,42.3703992681735,DPb,SX,Ex,IS,ELE,LUMIN,na,,,cf,,na,na,na,na,cf,
-8.01523387671234,42.370507323795,DPb,SX,Ex,IS,ELE,LUMIN,na,,,cf,,na,na,na,na,cf,
-8.01456797526588,42.3720131563228,DPb,SX,Ex,IS,ELE,LUMIN,na,,,cf,,na,na,na,na,cf,
-8.0137761252415,42.3708059425297,DPb,SX,Ex,IS,ELE,LUMIN,na,,,cf,,na,na,na,na,cf,
-8.01552139370048,42.3717072281578,DPb,SX,Ex,IS,ELE,LUMIN,na,,,cf,,na,na,na,na,cf,
-8.01438248446559,42.3717004168472,DPb,SX,Ex,IS,ELE,LUMIN,na,,,cf,,na,na,na,na,cf,
-8.01497593919545,42.3722084031766,DPb,SX,Ex,IS,ELE,LUMIN,na,,,cf,,na,na,na,na,cf,
-8.01493008162705,42.3721295856352,DPb,SX,Ex,IS,ELE,LUMIN,na,,,cf,,na,na,na,na,cf,
-8.01479356017821,42.3719152206405,DPb,SX,Ex,IS,ELE,LUMIN,na,,,cf,,na,na,na,na,cf,
-8.01473813581477,42.3716496946519,DPb,SX,Ex,IS,ELE,LUMIN,na,,,cf,,na,na,na,na,cf,
-8.01524934482461,42.3708435706118,DPb,SX,Ex,IS,ELE,LUMIN,na,,,cf,,na,na,na,na,cf,
-8.01470028791404,42.3704781856506,DPb,SX,Ex,IS,ELE,LUMIN,na,,,cf,,na,na,na,na,cf,
-8.01415020236655,42.370716132542,DPb,SX,Ex,IS,ELE,LUMIN,na,,,cf,,na,na,na,na,cf,
-8.01461890027342,42.3714587656923,DPb,SX,Ex,IS,ELE,LUMIN,na,,,cf,,na,na,na,na,cf,
-8.01445263267419,42.37116571945,DPb,SX,Ex,IS,ELE,LUMIN,na,,,cf,,na,na,na,na,cf,
-8.01519911860191,42.3714699822332,DPb,SX,Ex,IS,ELE,LUMIN,na,,,cf,,na,na,na,na,cf,
-8.01630526852229,42.3708111277752,DPb,SX,Ex,IS,ELE,LUMIN,na,,,cf,,na,na,na,na,cf,
-8.00770379216118,42.354801690962,DPb,SX,Ex,IS,ELE,LUMIN,na,,,cf,,na,na,na,na,cf,
-8.01583492205487,42.3714118402368,DPb,SX,Ex,IS,ELE,LUMIN,na,,,cf,,na,na,na,na,cf,
-8.0183594650997,42.3703458868974,DPb,SX,Ex,IS,ELE,LUMIN,na,,,cf,,na,na,na,na,cf,
-8.01756133959318,42.3712038023673,DPb,SX,Ex,IS,ELE,LUMIN,na,,,cf,,na,na,na,na,cf,
-8.01428514403645,42.370332452918,DPb,SX,Ex,IS,ELE,LUMIN,na,,,cf,,na,na,na,na,cf,
-8.0164546767372,42.3715653561463,DPb,SX,Ex,IS,ELE,LUMIN,na,,,cf,,na,na,na,na,cf,
-8.01643907156966,42.3723588043527,DPb,SX,Ex,IS,ELE,LUMIN,na,,,cf,,na,na,na,na,cf,
-8.0160833227693,42.3716885661883,DPb,SX,Ex,IS,ELE,LUMIN,na,,,cf,,na,na,na,na,cf,
-8.01532714882427,42.3716247258242,DPb,SX,Ex,IS,ELE,LUMIN,na,,,cf,,na,na,na,na,cf,
-8.01392614236613,42.3704884043988,DPb,SX,Ex,IS,ELE,LUMIN,na,,,cf,,na,na,na,na,cf,
-8.01425701731759,42.3721871838045,DPb,SX,Ex,IS,ELE,LUMIN,na,,,cf,,na,na,na,na,cf,
-8.01415099853513,42.3703539713021,DPb,SX,Ex,IS,ELE,LUMIN,na,,,cf,,na,na,na,na,cf,
-8.01584162620489,42.3703185550387,DPb,SX,Ex,IS,ELE,LUMIN,na,,,cf,,na,na,na,na,cf,
-8.01733218641929,42.3704062420794,DPb,SX,Ex,IS,ELE,LUMIN,na,,,cf,,na,na,na,na,cf,
-8.01634186001655,42.3719779117307,DPb,SX,Ex,IS,ELE,LUMIN,na,,,cf,,na,na,na,na,cf,
-8.01518187957043,42.3717384869234,DPb,SX,Ex,IS,ELE,LUMIN,na,,,cf,,na,na,na,na,cf,
-8.01332487972199,42.3713400759992,DPb,SX,Ex,IS,ELE,LUMIN,na,,,cf,,na,na,na,na,cf,
-8.02485272111487,42.3520582956666,DPb,SX,Ex,IS,ELE,LUMIN,na,,,cf,,na,na,na,na,cf,
-8.02371775987147,42.3529961508009,DPb,SX,Ex,IS,ELE,LUMIN,na,,,cf,,na,na,na,na,cf,
-8.02352227723878,42.3531310130014,DPb,SX,Ex,IS,ELE,LUMIN,na,,,cf,,na,na,na,na,cf,
-8.02299192256209,42.3519170903195,DPb,SX,Ex,IS,ELE,LUMIN,na,,,cf,,na,na,na,na,cf,
-8.02402473751522,42.3519866476634,DPb,SX,Ex,IS,ELE,LUMIN,na,,,cf,,na,na,na,na,cf,
-8.02367293734535,42.3515373548765,DPb,SX,Ex,IS,ELE,LUMIN,na,,,cf,,na,na,na,na,cf,
-8.02548904415182,42.3521632309339,DPb,SX,Ex,IS,ELE,LUMIN,na,,,cf,,na,na,na,na,cf,
-8.02273469038124,42.3546429196905,DPb,SX,Ex,IS,ELE,LUMIN,na,,,cf,,na,na,na,na,cf,
-8.02256739128638,42.354942380552,DPb,SX,Ex,IS,ELE,LUMIN,na,,,cf,,na,na,na,na,cf,
-8.02437665121694,42.3542246259476,DPb,SX,Ex,IS,ELE,LUMIN,na,,,cf,,na,na,na,na,cf,
-8.02449341069719,42.3520028575908,DPb,SX,Ex,IS,ELE,LUMIN,na,,,cf,,na,na,na,na,cf,
-8.02412188390941,42.3524327251296,DPb,SX,Ex,IS,ELE,LUMIN,na,,,cf,,na,na,na,na,cf,
-8.02396267019489,42.3525291508452,DPb,SX,Ex,IS,ELE,LUMIN,na,,,cf,,na,na,na,na,cf,
-8.02402732690491,42.3516367549189,DPb,SX,Ex,IS,ELE,LUMIN,na,,,cf,,na,na,na,na,cf,
-8.02353782846059,42.3522360341892,DPb,SX,Ex,IS,ELE,LUMIN,na,,,cf,,na,na,na,na,cf,
-8.02384925326309,42.3528119587369,DPb,SX,Ex,IS,ELE,LUMIN,na,,,cf,,na,na,na,na,cf,
-7.99660347773047,42.3746471369727,DPb,SX,Ex,IS,ELE,LUMIN,na,,,cf,,na,na,na,na,cf,
-8.02349311486213,42.3520321100131,DPb,SX,Ex,IS,ELE,LUMIN,na,,,cf,,na,na,na,na,cf,
-8.02294912868453,42.3532753359564,DPb,SX,Ex,IS,ELE,LUMIN,na,,,cf,,na,na,na,na,cf,
-7.99688038743959,42.3749383356145,DPb,SX,Ex,IS,ELE,LUMIN,na,,,cf,,na,na,na,na,cf,
-8.02342123723222,42.3545370980361,DPb,SX,Ex,IS,ELE,LUMIN,na,,,cf,,na,na,na,na,cf,
-8.02292230162302,42.3543479938252,DPb,SX,Ex,IS,ELE,LUMIN,na,,,cf,,na,na,na,na,cf,
-8.02215160562267,42.3556940106555,DPb,SX,Ex,IS,ELE,LUMIN,na,,,cf,,na,na,na,na,cf,
-8.02286786418231,42.3521090858047,DPb,SX,Ex,IS,ELE,LUMIN,na,,,cf,,na,na,na,na,cf,
-8.02297379703675,42.3530314949129,DPb,SX,Ex,IS,ELE,LUMIN,na,,,cf,,na,na,na,na,cf,
-8.02362121805704,42.3539465781693,DPb,SX,Ex,IS,ELE,LUMIN,na,,,cf,,na,na,na,na,cf,
-8.02333176488736,42.3516790255844,DPb,SX,Ex,IS,ELE,LUMIN,na,,,cf,,na,na,na,na,cf,
-8.02400769743841,42.3521750794733,DPb,SX,Ex,IS,ELE,LUMIN,na,,,cf,,na,na,na,na,cf,
-8.02299939736425,42.3541885051868,DPb,SX,Ex,IS,ELE,LUMIN,na,,,cf,,na,na,na,na,cf,
-8.02549855381781,42.3524618916792,DPb,SX,Ex,IS,ELE,LUMIN,na,,,cf,,na,na,na,na,cf,
-8.01560280182049,42.3603330097921,DPb,SX,Ex,IS,ELE,LUMIN,na,,,cf,,na,na,na,na,cf,
-8.01569402740441,42.3605652510922,DPb,SX,Ex,IS,ELE,LUMIN,na,,,cf,,na,na,na,na,cf,
-8.01587885315593,42.3608777174905,DPb,SX,Ex,IS,ELE,LUMIN,na,,,cf,,na,na,na,na,cf,
-8.01589218970656,42.3589346688571,DPb,SX,Ex,IS,ELE,LUMIN,na,,,cf,,na,na,na,na,cf,
-8.01592696670035,42.3600690737938,DPb,SX,Ex,IS,ELE,LUMIN,na,,,cf,,na,na,na,na,cf,
-8.01576558306749,42.3585986202861,DPb,SX,Ex,IS,ELE,LUMIN,na,,,cf,,na,na,na,na,cf,
-8.01659780462326,42.3591098539368,DPb,SX,Ex,IS,ELE,LUMIN,na,,,cf,,na,na,na,na,cf,
-8.01630207640257,42.3600303986013,DPb,SX,Ex,IS,ELE,LUMIN,na,,,cf,,na,na,na,na,cf,
-8.01632771486623,42.359086046096,DPb,SX,Ex,IS,ELE,LUMIN,na,,,cf,,na,na,na,na,cf,
-8.01631682177055,42.360261983414,DPb,SX,Ex,IS,ELE,LUMIN,na,,,cf,,na,na,na,na,cf,
-8.02268305904376,42.3527268874313,DPb,SX,Ex,IS,ELE,LUMIN,na,,,cf,,na,na,na,na,cf,
-7.99816230106679,42.376008734405,DPb,SX,Ex,IS,ELE,LUMIN,na,,,cf,,na,na,na,na,cf,
-8.00086223175313,42.3742129157065,DPb,SX,Ex,IS,ELE,LUMIN,na,,,cf,,na,na,na,na,cf,
-8.00081555222981,42.3765494063168,DPb,SX,Ex,IS,ELE,LUMIN,na,,,cf,,na,na,na,na,cf,
-8.02250911935748,42.3529598177008,DPb,SX,Ex,IS,ELE,LUMIN,na,,,cf,,na,na,na,na,cf,
-8.02269298987312,42.3530649962528,DPb,SX,Ex,IS,ELE,LUMIN,na,,,cf,,na,na,na,na,cf,
-7.99774054500334,42.3756757084002,DPb,SX,Ex,IS,ELE,LUMIN,na,,,cf,,na,na,na,na,cf,
-8.0007135528759,42.3769034590706,DPb,SX,Ex,IS,ELE,LUMIN,na,,,cf,,na,na,na,na,cf,
-8.00043372435651,42.3758088009748,DPb,SX,Ex,IS,ELE,LUMIN,na,,,cf,,na,na,na,na,cf,
-7.99726014016576,42.3753361326492,DPb,SX,Ex,IS,ELE,LUMIN,na,,,cf,,na,na,na,na,cf,
-8.02324767882831,42.3537440129892,DPb,SX,Ex,IS,ELE,LUMIN,na,,,cf,,na,na,na,na,cf,
-8.02398435106397,42.3540707466507,DPb,SX,Ex,IS,ELE,LUMIN,na,,,cf,,na,na,na,na,cf,
-7.99820965640565,42.3769632678928,DPb,SX,Ex,IS,ELE,LUMIN,na,,,cf,,na,na,na,na,cf,
-8.016584090819,42.3589188167453,DPb,SX,Ex,IS,ELE,LUMIN,na,,,cf,,na,na,na,na,cf,
-8.00085980120225,42.3753795566849,DPb,SX,Ex,IS,ELE,LUMIN,na,,,cf,,na,na,na,na,cf,
-8.0008326284692,42.3760802699845,DPb,SX,Ex,IS,ELE,LUMIN,na,,,cf,,na,na,na,na,cf,
-8.00083455156848,42.3757563132381,DPb,SX,Ex,IS,ELE,LUMIN,na,,,cf,,na,na,na,na,cf,
-8.01756217213805,42.3584829317614,DPb,SX,Ex,IS,ELE,LUMIN,na,,,cf,,na,na,na,na,cf,
-7.99647526031694,42.3745707228569,DPb,SX,Ex,IS,ELE,LUMIN,na,,,cf,,na,na,na,na,cf,
-8.01687376012722,42.3586906568217,DPb,SX,Ex,IS,ELE,LUMIN,na,,,cf,,na,na,na,na,cf,
-7.99773779059831,42.377449208072,DPb,SX,Ex,IS,ELE,LUMIN,na,,,cf,,na,na,na,na,cf,
-8.016409275944,42.3593779355039,DPb,SX,Ex,IS,ELE,LUMIN,na,,,cf,,na,na,na,na,cf,
-7.99751788911237,42.3755189294249,DPb,SX,Ex,IS,ELE,LUMIN,na,,,cf,,na,na,na,na,cf,
-7.99803194314475,42.3772870667214,DPb,SX,Ex,IS,ELE,LUMIN,na,,,cf,,na,na,na,na,cf,
-8.01647893401872,42.359661527067,DPb,SX,Ex,IS,ELE,LUMIN,na,,,cf,,na,na,na,na,cf,
-7.99686590530413,42.3745497696941,DPb,SX,Ex,IS,ELE,LUMIN,na,,,cf,,na,na,na,na,cf,
-8.01648901024113,42.3606321930839,DPb,SX,Ex,IS,ELE,LUMIN,na,,,cf,,na,na,na,na,cf,
-7.99806785302611,42.377512088704,DPb,SX,Ex,IS,ELE,LUMIN,na,,,cf,,na,na,na,na,cf,
-8.01523240242227,42.3601308587093,DPb,SX,Ex,IS,ELE,LUMIN,na,,,cf,,na,na,na,na,cf,
-8.00032816217542,42.3767642408886,DPb,SX,Ex,IS,ELE,LUMIN,na,,,cf,,na,na,na,na,cf,
-7.99692526606939,42.374309898181,DPb,SX,Ex,IS,ELE,LUMIN,na,,,cf,,na,na,na,na,cf,
-7.9977456495444,42.3742589181107,DPb,SX,Ex,IS,ELE,LUMIN,na,,,cf,,na,na,na,na,cf,
-7.99818822989715,42.3758298341114,DPb,SX,Ex,IS,ELE,LUMIN,na,,,cf,,na,na,na,na,cf,
-8.01486753598109,42.3602021232327,DPb,SX,Ex,IS,ELE,LUMIN,na,,,cf,,na,na,na,na,cf,
-8.00084666023165,42.3747898579801,DPb,SX,Ex,IS,ELE,LUMIN,na,,,cf,,na,na,na,na,cf,
-8.00059211363344,42.3699674599987,DPb,SX,Ex,IS,ELE,LUMIN,na,,,cf,,na,na,na,na,cf,
-8.00036339283778,42.3689128210343,DPb,SX,Ex,IS,ELE,LUMIN,na,,,cf,,na,na,na,na,cf,
-8.00047640492729,42.3686320505237,DPb,SX,Ex,IS,ELE,LUMIN,na,,,cf,,na,na,na,na,cf,
-8.00068191430609,42.3683223353338,DPb,SX,Ex,IS,ELE,LUMIN,na,,,cf,,na,na,na,na,cf,
-8.00035367897456,42.3692277425263,DPb,SX,Ex,IS,ELE,LUMIN,na,,,cf,,na,na,na,na,cf,
-8.00214010186003,42.3702784453987,DPb,SX,Ex,IS,ELE,LUMIN,na,,,cf,,na,na,na,na,cf,
-8.00033449807029,42.3697155614886,DPb,SX,Ex,IS,ELE,LUMIN,na,,,cf,,na,na,na,na,cf,
-8.00035186662855,42.3699596040357,DPb,SX,Ex,IS,ELE,LUMIN,na,,,cf,,na,na,na,na,cf,
-8.00050127284997,42.3696109815127,DPb,SX,Ex,IS,ELE,LUMIN,na,,,cf,,na,na,na,na,cf,
-8.00180559001826,42.3701995990528,DPb,SX,Ex,IS,ELE,LUMIN,na,,,cf,,na,na,na,na,cf,
-8.00134496847529,42.3701129323521,DPb,SX,Ex,IS,ELE,LUMIN,na,,,cf,,na,na,na,na,cf,
-8.00065386045342,42.3701946862722,DPb,SX,Ex,IS,ELE,LUMIN,na,,,cf,,na,na,na,na,cf,
-8.00003361781968,42.3697743398253,DPb,SX,Ex,IS,ELE,LUMIN,na,,,cf,,na,na,na,na,cf,
-8.00054495389239,42.369788676601,DPb,SX,Ex,IS,ELE,LUMIN,na,,,cf,,na,na,na,na,cf,
-8.00073137974952,42.3686029973511,DPb,SX,Ex,IS,ELE,LUMIN,na,,,cf,,na,na,na,na,cf,
-8.00085765509187,42.3702131087951,DPb,SX,Ex,IS,ELE,LUMIN,na,,,cf,,na,na,na,na,cf,
-8.00037747895075,42.37019772559,DPb,SX,Ex,IS,ELE,LUMIN,na,,,cf,,na,na,na,na,cf,
-8.00060420329399,42.368834917146,DPb,SX,Ex,IS,ELE,LUMIN,na,,,cf,,na,na,na,na,cf,
-8.00446539864915,42.3605940967525,DPb,SX,Ex,IS,ELE,LUMIN,na,,,cf,,na,na,na,na,cf,
-8.00416885754383,42.3604009602292,DPb,SX,Ex,IS,ELE,LUMIN,na,,,cf,,na,na,na,na,cf,
-8.00561286032886,42.3601769769908,DPb,SX,Ex,IS,ELE,LUMIN,na,,,cf,,na,na,na,na,cf,
-8.00341475477153,42.3609006320216,DPb,SX,Ex,IS,ELE,LUMIN,na,,,cf,,na,na,na,na,cf,
-8.00358719699175,42.3606121086367,DPb,SX,Ex,IS,ELE,LUMIN,na,,,cf,,na,na,na,na,cf,
-8.00552458348487,42.3599495768197,DPb,SX,Ex,IS,ELE,LUMIN,na,,,cf,,na,na,na,na,cf,
-8.00582137148479,42.3600811931067,DPb,SX,Ex,IS,ELE,LUMIN,na,,,cf,,na,na,na,na,cf,
-8.00379389135258,42.3602435728452,DPb,SX,Ex,IS,ELE,LUMIN,na,,,cf,,na,na,na,na,cf,
-8.00584487594495,42.3598112198866,DPb,SX,Ex,IS,ELE,LUMIN,na,,,cf,,na,na,na,na,cf,
-8.00587633323546,42.3603381111965,DPb,SX,Ex,IS,ELE,LUMIN,na,,,cf,,na,na,na,na,cf,
-7.99953302840909,42.3725846119442,DPb,SX,Ex,IS,ELE,LUMIN,na,,,cf,,na,na,na,na,cf,
-8.00090688643624,42.3726118982744,DPb,SX,Ex,IS,ELE,LUMIN,na,,,cf,,na,na,na,na,cf,
-8.00089510399443,42.373152545796,DPb,SX,Ex,IS,ELE,LUMIN,na,,,cf,,na,na,na,na,cf,
-8.00088251894591,42.3737438071525,DPb,SX,Ex,IS,ELE,LUMIN,na,,,cf,,na,na,na,na,cf,
-8.00091484206245,42.3723605793187,DPb,SX,Ex,IS,ELE,LUMIN,na,,,cf,,na,na,na,na,cf,
-8.00036578316836,42.3710170190852,DPb,SX,Ex,IS,ELE,LUMIN,na,,,cf,,na,na,na,na,cf,
-7.99876949848391,42.3703533938136,DPb,SX,Ex,IS,ELE,LUMIN,na,,,cf,,na,na,na,na,cf,
-7.99963461267357,42.3718557637775,DPb,SX,Ex,IS,ELE,LUMIN,na,,,cf,,na,na,na,na,cf,
-7.99945239558078,42.3724316851299,DPb,SX,Ex,IS,ELE,LUMIN,na,,,cf,,na,na,na,na,cf,
-7.99977041714442,42.3714777744102,DPb,SX,Ex,IS,ELE,LUMIN,na,,,cf,,na,na,na,na,cf,
-7.99776117053303,42.3731089918296,DPb,SX,Ex,IS,ELE,LUMIN,na,,,cf,,na,na,na,na,cf,
-7.99883899770524,42.3701877473458,DPb,SX,Ex,IS,ELE,LUMIN,na,,,cf,,na,na,na,na,cf,
-7.99989761375956,42.3711463773504,DPb,SX,Ex,IS,ELE,LUMIN,na,,,cf,,na,na,na,na,cf,
-8.00092353619556,42.3720602326696,DPb,SX,Ex,IS,ELE,LUMIN,na,,,cf,,na,na,na,na,cf,
-7.99751698710172,42.3733581780557,DPb,SX,Ex,IS,ELE,LUMIN,na,,,cf,,na,na,na,na,cf,
-7.99866561625254,42.3736739040963,DPb,SX,Ex,IS,ELE,LUMIN,na,,,cf,,na,na,na,na,cf,
-7.99934942876857,42.3727231881066,DPb,SX,Ex,IS,ELE,LUMIN,na,,,cf,,na,na,na,na,cf,
-7.99924567954169,42.3729796222934,DPb,SX,Ex,IS,ELE,LUMIN,na,,,cf,,na,na,na,na,cf,
-7.99913169020918,42.3732504169694,DPb,SX,Ex,IS,ELE,LUMIN,na,,,cf,,na,na,na,na,cf,
-7.99822441736975,42.3730520392649,DPb,SX,Ex,IS,ELE,LUMIN,na,,,cf,,na,na,na,na,cf,
-8.00248308181413,42.3708239927372,DPb,SX,Ex,IS,ELE,LUMIN,na,,,cf,,na,na,na,na,cf,
-8.00092704920505,42.3718385923739,DPb,SX,Ex,IS,ELE,LUMIN,na,,,cf,,na,na,na,na,cf,
-7.99943728791398,42.3709053783549,DPb,SX,Ex,IS,ELE,LUMIN,na,,,cf,,na,na,na,na,cf,
-8.00039479162056,42.3706760153618,DPb,SX,Ex,IS,ELE,LUMIN,na,,,cf,,na,na,na,na,cf,
-8.00165156718674,42.3712522814245,DPb,SX,Ex,IS,ELE,LUMIN,na,,,cf,,na,na,na,na,cf,
-8.00055202080709,42.3711790620426,DPb,SX,Ex,IS,ELE,LUMIN,na,,,cf,,na,na,na,na,cf,
-8.00044905278739,42.3711001479689,DPb,SX,Ex,IS,ELE,LUMIN,na,,,cf,,na,na,na,na,cf,
-8.00082070550644,42.3708547303517,DPb,SX,Ex,IS,ELE,LUMIN,na,,,cf,,na,na,na,na,cf,
-8.0007173912158,42.3704243427058,DPb,SX,Ex,IS,ELE,LUMIN,na,,,cf,,na,na,na,na,cf,
-8.00138253226216,42.3712748424317,DPb,SX,Ex,IS,ELE,LUMIN,na,,,cf,,na,na,na,na,cf,
-8.00161127627712,42.3711066202915,DPb,SX,Ex,IS,ELE,LUMIN,na,,,cf,,na,na,na,na,cf,
-8.00091617077522,42.371532241741,DPb,SX,Ex,IS,ELE,LUMIN,na,,,cf,,na,na,na,na,cf,
-8.00089006910049,42.3711936745169,DPb,SX,Ex,IS,ELE,LUMIN,na,,,cf,,na,na,na,na,cf,
-7.99906869093137,42.373557837269,DPb,SX,Ex,IS,ELE,LUMIN,na,,,cf,,na,na,na,na,cf,
-7.99988617295418,42.3726112013475,DPb,SX,Ex,IS,ELE,LUMIN,na,,,cf,,na,na,na,na,cf,
-7.99976197481831,42.3729794834762,DPb,SX,Ex,IS,ELE,LUMIN,na,,,cf,,na,na,na,na,cf,
-7.99996660887852,42.3730498509236,DPb,SX,Ex,IS,ELE,LUMIN,na,,,cf,,na,na,na,na,cf,
-7.99764313111399,42.3729153743003,DPb,SX,Ex,IS,ELE,LUMIN,na,,,cf,,na,na,na,na,cf,
-7.99776526828714,42.3732651879556,DPb,SX,Ex,IS,ELE,LUMIN,na,,,cf,,na,na,na,na,cf,
-7.99813528840747,42.3731386941694,DPb,SX,Ex,IS,ELE,LUMIN,na,,,cf,,na,na,na,na,cf,
-8.00019615821984,42.3710476243584,DPb,SX,Ex,IS,ELE,LUMIN,na,,,cf,,na,na,na,na,cf,
-8.0019928144353,42.3710538516493,DPb,SX,Ex,IS,ELE,LUMIN,na,,,cf,,na,na,na,na,cf,
-7.9996822097286,42.3728223431313,DPb,SX,Ex,IS,ELE,LUMIN,na,,,cf,,na,na,na,na,cf,
-8.00015935125301,42.3728611859234,DPb,SX,Ex,IS,ELE,LUMIN,na,,,cf,,na,na,na,na,cf,
-7.99988497806849,42.3728706546196,DPb,SX,Ex,IS,ELE,LUMIN,na,,,cf,,na,na,na,na,cf,
-8.00174755898465,42.3639614865353,DPb,SX,Ex,IS,ELE,LUMIN,na,,,cf,,na,na,na,na,cf,
-8.00204402876489,42.364377052997,DPb,SX,Ex,IS,ELE,LUMIN,na,,,cf,,na,na,na,na,cf,
-8.00177072619387,42.3643184303348,DPb,SX,Ex,IS,ELE,LUMIN,na,,,cf,,na,na,na,na,cf,
-8.0017190199313,42.3633837925474,DPb,SX,Ex,IS,ELE,LUMIN,na,,,cf,,na,na,na,na,cf,
-8.00172776445097,42.363671563974,DPb,SX,Ex,IS,ELE,LUMIN,na,,,cf,,na,na,na,na,cf,
-8.0024170728446,42.3646352360619,DPb,SX,Ex,IS,ELE,LUMIN,na,,,cf,,na,na,na,na,cf,
-8.00210885176168,42.3646039759919,DPb,SX,Ex,IS,ELE,LUMIN,na,,,cf,,na,na,na,na,cf,
-8.00312357568263,42.3646654877582,DPb,SX,Ex,IS,ELE,LUMIN,na,,,cf,,na,na,na,na,cf,
-8.0028922136506,42.3646828735469,DPb,SX,Ex,IS,ELE,LUMIN,na,,,cf,,na,na,na,na,cf,
-8.00327385615115,42.3643804120505,DPb,SX,Ex,IS,ELE,LUMIN,na,,,cf,,na,na,na,na,cf,
-8.00168986099996,42.3629852861988,DPb,SX,Ex,IS,ELE,LUMIN,na,,,cf,,na,na,na,na,cf,
-8.0033434394994,42.3642400485729,DPb,SX,Ex,IS,ELE,LUMIN,na,,,cf,,na,na,na,na,cf,
-7.99672416461742,42.3867623214563,DPb,SX,Ex,IS,ELE,LUMIN,na,,,cf,,na,na,na,na,cf,
-7.9934563907699,42.386329831164,DPb,SX,Ex,IS,ELE,LUMIN,na,,,cf,,na,na,na,na,cf,
-7.99476852799513,42.3857896692679,DPb,SX,Ex,IS,ELE,LUMIN,na,,,cf,,na,na,na,na,cf,
-7.99560780881156,42.3860755299466,DPb,SX,Ex,IS,ELE,LUMIN,na,,,cf,,na,na,na,na,cf,
-7.99540083271498,42.3863693624171,DPb,SX,Ex,IS,ELE,LUMIN,na,,,cf,,na,na,na,na,cf,
-7.99511533756721,42.3850632356625,DPb,SX,Ex,IS,ELE,LUMIN,na,,,cf,,na,na,na,na,cf,
-7.99362273729067,42.3861491764241,DPb,SX,Ex,IS,ELE,LUMIN,na,,,cf,,na,na,na,na,cf,
-7.99652352613697,42.387641041369,DPb,SX,Ex,IS,ELE,LUMIN,na,,,cf,,na,na,na,na,cf,
-7.99438398404095,42.386254403079,DPb,SX,Ex,IS,ELE,LUMIN,na,,,cf,,na,na,na,na,cf,
-7.99553686084393,42.3868097375019,DPb,SX,Ex,IS,ELE,LUMIN,na,,,cf,,na,na,na,na,cf,
-7.99670879771226,42.3876212388987,DPb,SX,Ex,IS,ELE,LUMIN,na,,,cf,,na,na,na,na,cf,
-7.99465373193434,42.3860829644026,DPb,SX,Ex,IS,ELE,LUMIN,na,,,cf,,na,na,na,na,cf,
-7.99443431546154,42.3863633725141,DPb,SX,Ex,IS,ELE,LUMIN,na,,,cf,,na,na,na,na,cf,
-7.99503628347365,42.385308914173,DPb,SX,Ex,IS,ELE,LUMIN,na,,,cf,,na,na,na,na,cf,
-7.99664850653649,42.3840234396082,DPb,SX,Ex,IS,ELE,LUMIN,na,,,cf,,na,na,na,na,cf,
-7.99761090980458,42.3854899629229,DPb,SX,Ex,IS,ELE,LUMIN,na,,,cf,,na,na,na,na,cf,
-7.99676851849682,42.3871375884066,DPb,SX,Ex,IS,ELE,LUMIN,na,,,cf,,na,na,na,na,cf,
-7.99516746693251,42.3866822213928,DPb,SX,Ex,IS,ELE,LUMIN,na,,,cf,,na,na,na,na,cf,
-7.9937730808834,42.3862735414801,DPb,SX,Ex,IS,ELE,LUMIN,na,,,cf,,na,na,na,na,cf,
-7.99415056408682,42.3863867396092,DPb,SX,Ex,IS,ELE,LUMIN,na,,,cf,,na,na,na,na,cf,
-8.02728615068926,42.3843491994644,DPb,SX,Ex,IS,ELE,LUMIN,na,,,cf,,na,na,na,na,cf,
-7.99691099796249,42.3864825353339,DPb,SX,Ex,IS,ELE,LUMIN,na,,,cf,,na,na,na,na,cf,
-7.99567706738922,42.3870787603271,DPb,SX,Ex,IS,ELE,LUMIN,na,,,cf,,na,na,na,na,cf,
-7.99442752776562,42.3865893136813,DPb,SX,Ex,IS,ELE,LUMIN,na,,,cf,,na,na,na,na,cf,
-7.99599816659166,42.3872401066116,DPb,SX,Ex,IS,ELE,LUMIN,na,,,cf,,na,na,na,na,cf,
-8.02798523783943,42.3843561990338,DPb,SX,Ex,IS,ELE,LUMIN,na,,,cf,,na,na,na,na,cf,
-8.02700938589197,42.3843548283783,DPb,SX,Ex,IS,ELE,LUMIN,na,,,cf,,na,na,na,na,cf,
-8.00368599562557,42.3904173908973,DPb,SX,Ex,IS,ELE,LUMIN,na,,,cf,,na,na,na,na,cf,
-8.02791323940991,42.3840543957803,DPb,SX,Ex,IS,ELE,LUMIN,na,,,cf,,na,na,na,na,cf,
-8.02748083992677,42.3841331322007,DPb,SX,Ex,IS,ELE,LUMIN,na,,,cf,,na,na,na,na,cf,
-8.02693067443216,42.3827821314537,DPb,SX,Ex,IS,ELE,LUMIN,na,,,cf,,na,na,na,na,cf,
-8.02742170573021,42.3825016415853,DPb,SX,Ex,IS,ELE,LUMIN,na,,,cf,,na,na,na,na,cf,
-8.02598764418139,42.38517149264,DPb,SX,Ex,IS,ELE,LUMIN,na,,,cf,,na,na,na,na,cf,
-8.02563412271263,42.3854485304915,DPb,SX,Ex,IS,ELE,LUMIN,na,,,cf,,na,na,na,na,cf,
-8.00367798768494,42.3896536645038,DPb,SX,Ex,IS,ELE,LUMIN,na,,,cf,,na,na,na,na,cf,
-8.00445180683156,42.3891086214641,DPb,SX,Ex,IS,ELE,LUMIN,na,,,cf,,na,na,na,na,cf,
-8.00452072300595,42.3886750852825,DPb,SX,Ex,IS,ELE,LUMIN,na,,,cf,,na,na,na,na,cf,
-8.02531400147068,42.3806488680973,DPb,SX,Ex,IS,ELE,LUMIN,na,,,cf,,na,na,na,na,cf,
-8.02757791122261,42.3844198862365,DPb,SX,Ex,IS,ELE,LUMIN,na,,,cf,,na,na,na,na,cf,
-8.02848673985475,42.3848195027463,DPb,SX,Ex,IS,ELE,LUMIN,na,,,cf,,na,na,na,na,cf,
-8.00393216998727,42.3901543702218,DPb,SX,Ex,IS,ELE,LUMIN,na,,,cf,,na,na,na,na,cf,
-8.00441945200659,42.3893250936968,DPb,SX,Ex,IS,ELE,LUMIN,na,,,cf,,na,na,na,na,cf,
-8.02817356024048,42.3824391467905,DPb,SX,Ex,IS,ELE,LUMIN,na,,,cf,,na,na,na,na,cf,
-8.00429092077534,42.3896041738013,DPb,SX,Ex,IS,ELE,LUMIN,na,,,cf,,na,na,na,na,cf,
-8.01504373408574,42.3899747312325,DPb,SX,Ex,IS,ELE,LUMIN,na,,,cf,,na,na,na,na,cf,
-8.00416510212936,42.3886933906178,DPb,SX,Ex,IS,ELE,LUMIN,na,,,cf,,na,na,na,na,cf,
-8.01437458103473,42.3891206266705,DPb,SX,Ex,IS,ELE,LUMIN,na,,,cf,,na,na,na,na,cf,
-8.00425766800274,42.3883519825622,DPb,SX,Ex,IS,ELE,LUMIN,na,,,cf,,na,na,na,na,cf,
-8.01566251753267,42.3878193250192,DPb,SX,Ex,IS,ELE,LUMIN,na,,,cf,,na,na,na,na,cf,
-8.01407953479316,42.3880617035116,DPb,SX,Ex,IS,ELE,LUMIN,na,,,cf,,na,na,na,na,cf,
-8.0146647673905,42.3886137184443,DPb,SX,Ex,IS,ELE,LUMIN,na,,,cf,,na,na,na,na,cf,
-8.01428619125013,42.3877579541779,DPb,SX,Ex,IS,ELE,LUMIN,na,,,cf,,na,na,na,na,cf,
-8.01618988054622,42.3879639967207,DPb,SX,Ex,IS,ELE,LUMIN,na,,,cf,,na,na,na,na,cf,
-8.01584004042626,42.3877732528533,DPb,SX,Ex,IS,ELE,LUMIN,na,,,cf,,na,na,na,na,cf,
-8.0161369921945,42.3875276649551,DPb,SX,Ex,IS,ELE,LUMIN,na,,,cf,,na,na,na,na,cf,
-8.0155976850364,42.3877743460138,DPb,SX,Ex,IS,ELE,LUMIN,na,,,cf,,na,na,na,na,cf,
-8.01499056154897,42.3881092397903,DPb,SX,Ex,IS,ELE,LUMIN,na,,,cf,,na,na,na,na,cf,
-8.01465001138202,42.3878235128542,DPb,SX,Ex,IS,ELE,LUMIN,na,,,cf,,na,na,na,na,cf,
-8.01465034739291,42.3880026273105,DPb,SX,Ex,IS,ELE,LUMIN,na,,,cf,,na,na,na,na,cf,
-8.01432128531209,42.3878696698231,DPb,SX,Ex,IS,ELE,LUMIN,na,,,cf,,na,na,na,na,cf,
-8.01394794431411,42.3883960045653,DPb,SX,Ex,IS,ELE,LUMIN,na,,,cf,,na,na,na,na,cf,
-8.0164191728373,42.387533784301,DPb,SX,Ex,IS,ELE,LUMIN,na,,,cf,,na,na,na,na,cf,
-8.01637976480931,42.3875187523664,DPb,SX,Ex,IS,ELE,LUMIN,na,,,cf,,na,na,na,na,cf,
-8.01624658465908,42.3875852019679,DPb,SX,Ex,IS,ELE,LUMIN,na,,,cf,,na,na,na,na,cf,
-8.01628318194986,42.3876109853777,DPb,SX,Ex,IS,ELE,LUMIN,na,,,cf,,na,na,na,na,cf,
-8.01636853719312,42.3875607786306,DPb,SX,Ex,IS,ELE,LUMIN,na,,,cf,,na,na,na,na,cf,
-8.01655777530467,42.3874585646473,DPb,SX,Ex,IS,ELE,LUMIN,na,,,cf,,na,na,na,na,cf,
-8.01633166459567,42.3875526255898,DPb,SX,Ex,IS,ELE,LUMIN,na,,,cf,,na,na,na,na,cf,
-8.01556955438537,42.388215220913,DPb,SX,Ex,IS,ELE,LUMIN,na,,,cf,,na,na,na,na,cf,
-7.99600387729179,42.3854678794169,DPb,SX,Ex,IS,ELE,LUMIN,na,,,cf,,na,na,na,na,cf,
-8.01555467277143,42.3874731967031,DPb,SX,Ex,IS,ELE,LUMIN,na,,,cf,,na,na,na,na,cf,
-8.01407518918926,42.3882409341893,DPb,SX,Ex,IS,ELE,LUMIN,na,,,cf,,na,na,na,na,cf,
-8.01450209416234,42.3881269947826,DPb,SX,Ex,IS,ELE,LUMIN,na,,,cf,,na,na,na,na,cf,
-8.01452149600926,42.3878713905477,DPb,SX,Ex,IS,ELE,LUMIN,na,,,cf,,na,na,na,na,cf,
-8.0142342595071,42.3878400439097,DPb,SX,Ex,IS,ELE,LUMIN,na,,,cf,,na,na,na,na,cf,
-8.0139193152211,42.3881619491866,DPb,SX,Ex,IS,ELE,LUMIN,na,,,cf,,na,na,na,na,cf,
-8.0162837631683,42.3875737657677,DPb,SX,Ex,IS,ELE,LUMIN,na,,,cf,,na,na,na,na,cf,
-8.01474196375464,42.3882999810219,DPb,SX,Ex,IS,ELE,LUMIN,na,,,cf,,na,na,na,na,cf,
-8.01632450775038,42.3875878296056,DPb,SX,Ex,IS,ELE,LUMIN,na,,,cf,,na,na,na,na,cf,
-8.01646311044782,42.3875126100695,DPb,SX,Ex,IS,ELE,LUMIN,na,,,cf,,na,na,na,na,cf,
-8.01432968310891,42.3883173411941,DPb,SX,Ex,IS,ELE,LUMIN,na,,,cf,,na,na,na,na,cf,
-8.01501296346506,42.3884919024925,DPb,SX,Ex,IS,ELE,LUMIN,na,,,cf,,na,na,na,na,cf,
-8.01593555209429,42.387639593209,DPb,SX,Ex,IS,ELE,LUMIN,na,,,cf,,na,na,na,na,cf,
-8.01376957077642,42.3886162534443,DPb,SX,Ex,IS,ELE,LUMIN,na,,,cf,,na,na,na,na,cf,
-8.01433694329482,42.3880988014776,DPb,SX,Ex,IS,ELE,LUMIN,na,,,cf,,na,na,na,na,cf,
-8.01535639171444,42.3883622180687,DPb,SX,Ex,IS,ELE,LUMIN,na,,,cf,,na,na,na,na,cf,
-8.01480547110792,42.388399063228,DPb,SX,Ex,IS,ELE,LUMIN,na,,,cf,,na,na,na,na,cf,
-8.01453252138268,42.3888870384333,DPb,SX,Ex,IS,ELE,LUMIN,na,,,cf,,na,na,na,na,cf,
-8.01395336697832,42.3889675369698,DPb,SX,Ex,IS,ELE,LUMIN,na,,,cf,,na,na,na,na,cf,
-8.01412537205309,42.3886320434624,DPb,SX,Ex,IS,ELE,LUMIN,na,,,cf,,na,na,na,na,cf,
-8.01531440860498,42.3881496960576,DPb,SX,Ex,IS,ELE,LUMIN,na,,,cf,,na,na,na,na,cf,
-8.01490086269513,42.3882137092753,DPb,SX,Ex,IS,ELE,LUMIN,na,,,cf,,na,na,na,na,cf,
-8.01509544776054,42.388033273669,DPb,SX,Ex,IS,ELE,LUMIN,na,,,cf,,na,na,na,na,cf,
-8.01528569361984,42.3879466709524,DPb,SX,Ex,IS,ELE,LUMIN,na,,,cf,,na,na,na,na,cf,
-8.01595207947391,42.3881363064902,DPb,SX,Ex,IS,ELE,LUMIN,na,,,cf,,na,na,na,na,cf,
-8.01649865866187,42.3881508170156,DPb,SX,Ex,IS,ELE,LUMIN,na,,,cf,,na,na,na,na,cf,
-8.01446369900804,42.3887862907882,DPb,SX,Ex,IS,ELE,LUMIN,na,,,cf,,na,na,na,na,cf,
-8.00201720185308,42.364908770294,DPb,SX,Ex,IS,ELE,LUMIN,na,,,cf,,na,na,na,na,cf,
-8.0030824270855,42.364072694049,DPb,SX,Ex,IS,ELE,LUMIN,na,,,cf,,na,na,na,na,cf,
-8.0027228336308,42.3647146906838,DPb,SX,Ex,IS,ELE,LUMIN,na,,,cf,,na,na,na,na,cf,
-7.99641596217449,42.3845911475016,DPb,SX,Ex,IS,ELE,LUMIN,na,,,cf,,na,na,na,na,cf,
-7.99713894909172,42.386216528541,DPb,SX,Ex,IS,ELE,LUMIN,na,,,cf,,na,na,na,na,cf,
-7.99735791870504,42.3859035726989,DPb,SX,Ex,IS,ELE,LUMIN,na,,,cf,,na,na,na,na,cf,
-8.02683964523441,42.3843443774783,DPb,SX,Ex,IS,ELE,LUMIN,na,,,cf,,na,na,na,na,cf,
-8.02623792980114,42.3828002906967,DPb,SX,Ex,IS,ELE,LUMIN,na,,,cf,,na,na,na,na,cf,
-8.02598312156855,42.3823725980633,DPb,SX,Ex,IS,ELE,LUMIN,na,,,cf,,na,na,na,na,cf,
-8.01485124688668,42.3517678419786,DPb,SX,Ex,IS,TEL,ANREP,na,,,Antena,,na,na,na,na,cf,
-8.00384902806173,42.3502559251963,DPb,SX,Ex,IS,ELE,CT,na,,,CT,,na,na,na,na,cf,
-8.0281706591474,42.3515948255147,DPb,SX,Ex,IS,ABS,DEP,na,,,Depósito,,na,na,na,na,cf,
-8.01239972705325,42.352325583749,DPb,SX,Ex,IS,ABS,DEP,na,,,Depósito,,na,na,na,na,cf,
-8.01954441536254,42.3713515787792,DPb,SX,Ex,IS,ABS,DEP,na,,,Depósito,,na,na,na,na,cf,
-8.02489216062074,42.3909192123718,DPb,SX,Ex,IS,ABS,DEP,na,,,Depósito,,na,na,na,na,cf,
-8.01904714963191,42.3587631552089,DPb,SX,Ex,IS,ABS,DEP,na,,,Depósito,,na,na,na,na,cf,
-8.03999188706626,42.3364247055191,DPb,SX,Ex,IS,ABS,DEP,na,,,Depósito,,na,na,na,na,cf,
-8.03589905630517,42.3489322630853,DPb,SX,Ex,IS,ABS,DEP,na,,,Depósito,,na,na,na,na,cf,
-8.04721602502446,42.3286099145591,DPb,SX,Ex,IS,ABS,CAPT,na,,,Captación,,na,na,na,na,cf,
-8.0469210185217,42.328980930799,DPb,SX,Ex,IS,ABS,ETAP,na,,,ETAP,,na,na,na,na,cf,
-8.01713452030672,42.3797414620554,DPb,SX,Ex,IS,SAN,VERT,na,,,Punto de verquido,,na,na,na,na,TRAMIT V/32700135H,
-8.00245791839082,42.3878343136198,DPb,SX,Ex,IS,SAN,VERT,na,,,Punto de verquido,,na,na,na,na,VERTIDO 05,
-7.9956072583209,42.3734722893237,DPb,SX,Ex,IS,SAN,VERT,na,,,Punto de verquido,,na,na,na,na,VERTIDO 06,
-7.99370387100044,42.38583830235,DPb,SX,Ex,IS,SAN,VERT,na,,,Punto de verquido,,na,na,na,na,VERTIDO 07,
-8.02214644951788,42.3513985160402,DPb,SX,Ex,IS,SAN,VERT,na,,,Punto de verquido,,na,na,na,na,VERTIDO 03,
-8.02877428366595,42.3852111158319,DPb,SX,Ex,IS,SAN,VERT,na,,,Punto de verquido,,na,na,na,na,VERTIDO 08,
-8.01154895685271,42.3711461894402,DPb,SX,Ex,IS,SAN,VERT,na,,,Punto de verquido,,na,na,na,na,VERTIDO 01,
-8.01243550467284,42.3604616330457,DPb,SX,Ex,IS,SAN,VERT,na,,,Punto de verquido,,na,na,na,na,TRAMIT V/32/00135K,
-8.01359161883304,42.3757979965173,DPb,SX,Ex,IS,SAN,VERT,na,,,Punto de verquido,,na,na,na,na,VERTIDO 02,
-8.01348529306285,42.3889315455245,DPb,SX,Ex,IS,SAN,VERT,na,,,Punto de verquido,,na,na,na,na,TRAMIT -,
-8.02214644951788,42.3513985160402,DPb,SX,Ex,IS,SAN,EDAR,na,,,EDAR,,na,na,na,na,cf,
-7.9956072583209,42.3734722893237,DPb,SX,Ex,IS,SAN,EDAR,na,,,EDAR,,na,na,na,na,cf,
-7.99370387100044,42.38583830235,DPb,SX,Ex,IS,SAN,EDAR,na,,,EDAR,,na,na,na,na,cf,
-8.01154895685271,42.3711461894402,DPb,SX,Ex,IS,SAN,EDAR,na,,,EDAR,,na,na,na,na,cf,
-8.01243550467284,42.3604616330457,DPb,SX,Ex,IS,SAN,EDAR,na,,,EDAR,,na,na,na,na,cf,
-8.01359161883304,42.3757979965173,DPb,SX,Ex,IS,SAN,EDAR,na,,,EDAR,,na,na,na,na,cf,
-8.01348529306285,42.3889315455245,DPb,SX,Ex,IS,SAN,EDAR,na,,,EDAR,,na,na,na,na,cf,
-8.0023796154713,42.3905702049115,DPb,SX,Ex,IS,SAN,EDAR,na,,,EDAR,,na,na,na,na,cf,
-8.00245791839082,42.3878343136198,DPb,SX,Ex,IS,SAN,EDAR,na,,,EDAR,,na,na,na,na,cf,
-8.02039780269016,42.3567299357693,DPb,SX,Ex,IS,SAN,EDAR,na,,,EDAR,,na,na,na,na,cf,
-8.02877428366595,42.3852111158319,DPb,SX,Ex,IS,SAN,EDAR,na,,,EDAR,,na,na,na,na,cf,
-8.01287177145192,42.3914071281299,DPb,SX,Ex,IS,SAN,VERT,na,,,Punto de verquido,,na,na,na,na,TRAMIT V/32700135E,
-8.01378925898805,42.3623848403252,DPb,SX,Ex,IS,SAN,VERT,na,,,Punto de verquido,,na,na,na,na,TRAMIT V/32/00135I,
-8.01386909321698,42.3506310779672,DPb,SX,Ex,IS,SAN,VERT,na,,,Punto de verquido,,na,na,na,na,TRAMIT V/32/00135G,
-8.02410551145447,42.3767792981756,DPb,SX,Ex,IS,SAN,VERT,na,,,Punto de verquido,,na,na,na,na,TRAMIT V/32/00135J,
-8.00237286778498,42.3905756165774,DPb,SX,Ex,IS,SAN,VERT,na,,,Punto de verquido,,na,na,na,na,VERTIDO 04,
